symbol,company
20MICRONS,20 Microns Ltd
3IINFOTECH,3i Infotech Ltd
3MINDIA,3M India Ltd
AARTIDRUGS,Aarti Drugs Ltd
AARTIIND,Aarti Industries Ltd
AARVEEDEN,Aarvee Denims & Exports Ltd
ABAN,Aban Offshore Ltd
ABB,ABB Ltd
ABGSHIP,ABG Shipyard Ltd
ABHISHEK,Abhishek Corporation Ltd
ABIRLANUVO,Aditya Birla Nuvo Ltd
ABSHEKINDS,Abhishek Industries Ltd
ACC,ACC Ltd
ACE,Action Construction Equipment Ltd
ADANIENT,Adani Enterprises Ltd
ADHUNIK,Adhunik Metaliks Ltd
ADLABSFILM,Adlabs Films Ltd
ADORWELD,Ador�Welding Ltd
ADSL,Allied Digital Services Ltd
ADVANIHOTR,Advani Hotels & Resorts (India) Ltd
ADVANTA,Advanta India Ltd
AEGISCHEM,Aegis Logistics Ltd
AFL,Accel�Frontline Ltd
AFTEK,Aftek Ltd
AGRODUTCH,Agro Dutch Industries Ltd
AHMEDFORGE,Ahmednagar Forgings Ltd
AIAENG,AIA Engineering Ltd
AICHAMP,AI Champdany Industries Ltd
AJANTPHARM,Ajanta Pharma Ltd
AKRUTI,Akruti City Ltd
AKSHOPTFBR,Aksh Optifibre Ltd
ALBK,Allahabad Bank
ALCHEM,Alchemist�Ltd
ALEMBICLTD,Alembic Ltd
ALFALAVAL,Alfa Laval India Ltd
ALKALI,Alkali�Metals Ltd
ALKYLAMINE,Alkyl Amines Chemicals Ltd
ALLCARGO,Allcargo Global Logistics Ltd
ALLSEC,Allsec Technologies Ltd
ALMONDZ,Almondz Global Securities Ltd
ALOKTEXT,Alok Industries Ltd
ALPA,Alpa Laboratories Ltd
ALPHAGEO,Alphageo (India) Ltd
ALPSINDUS,Alps Industries Ltd
AMAR,Amar Remedies Ltd
AMARAJABAT,Amara Raja Batteries Ltd
AMBICAAGAR,Ambica Agarbathies & Aroma industries Ltd
AMBIKCO,Ambika Cotton Mills Ltd
AMBUJACEM,Ambuja Cements Ltd
AMDIND,AMD Industries Ltd
AMTEKAUTO,Amtek Auto Ltd
AMTEKINDIA,Amtek India Ltd
ANANTRAJ,Anant Raj Industries Ltd
ANDHRABANK,Andhra Bank
ANDHRSUGAR,The Andhra Sugars Ltd
ANGAUTO,ANG Auto Ltd
ANIKINDS,Anik Industries Ltd
ANKURDRUGS,Ankur Drugs And Pharma Ltd
ANSALHSG,Ansal Housing and Construction Ltd
ANSALINFRA,Ansal Properties & Infrastructure Ltd
ANTGRAPHIC,Antarctica Ltd
APARINDS,Apar Industries Ltd
APCOTEXIND,Apcotex Industries Ltd
APIL,Alstom Projects India Ltd
APOLLOHOSP,Apollo Hospitals Enterprise Ltd
APOLLOSIND,Apollo Sindhoori Capital Investments Ltd
APOLLOTYRE,Apollo Tyres Ltd
APPAPER,The Andhra Pradesh Paper Mills Ltd
APTECHT,Aptech Ltd
ARCHIDPLY,Archidply Industries Ltd
ARCHIES,Archies Ltd
AREVAT&D,Areva T&D India Ltd
ARIES,Aries Agro Ltd
ARIHANT,Arihant Foundations & Housing Ltd
ARL,Arvind Remedies Ltd
AROGRANITE,Aro Granite Industries Ltd
ARVIND,Ltd
ASAL,Automotive Stampings and Assemblies Ltd
ASHAPURMIN,Ashapura Minechem Ltd
ASHCO,Ashco Industries Ltd
ASHIMASYN,Ashima Ltd
ASHOKLEY,Ashok Leyland Ltd
ASIANELEC,Asian Electronics Ltd
ASIANHOTEL,Asian Hotels Ltd
ASIANPAINT,Asian Paints Ltd
ASIANTILES,Asian Granito India Ltd
ASIL,Amit Spinning Industries Ltd
ASSAMCO,Assam Company Ltd
ASTRAL,Astral Poly Technik Ltd
ASTRAMICRO,Astra Microwave Products Ltd
ASTRAZEN,AstraZeneca Pharma India Ltd
ATFL,Agro Tech Foods Ltd
ATLANTA,Atlanta Ltd
ATLASCYCLE,Atlas Cycles (Haryana) Ltd
ATNINTER,ATN International Ltd
ATUL,Atul Ltd
AUROPHARMA,Aurobindo Pharma Ltd
AUSTRAL,Austral�Coke & Projects Ltd
AUTOAXLES,Automotive�Axles�Ltd
AUTOIND,Autoline Industries Ltd
AUTOLITIND,Autolite (India) Ltd
AVAYAGCL,Avaya GlobalConnect Ltd
AVENTIS,Aventis Pharma Ltd
AVTNPL,AVT Natural Products Ltd
AXISBANK,Axis Bank�Ltd
AXIS-IT&T,Axis-IT&T Ltd
AZTECSOFT,Aztecsoft Ltd
BAGFILMS,B.A.G Films and Media Ltd
BAJAJ-AUTO,Bajaj Auto Ltd
BAJAJELEC,Bajaj Electricals Ltd
BAJAJFINSV,Bajaj Finserv Ltd
BAJAJHIND,Bajaj Hindusthan Ltd
BAJAJHLDNG,Bajaj Holdings & Investment Ltd
BAJAUTOFIN,Bajaj Auto Finance Ltd
BALAJITELE,Balaji�Telefilms Ltd
BALAMINES,Balaji�Amines Ltd
BALKRISIND,Balkrishna Industries Ltd
BALLARPUR,Ballarpur Industries Ltd
BALMLAWRIE,Balmer Lawrie & Co. Ltd
BALPHARMA,Bal Pharma Ltd
BALRAMCHIN,Balrampur Chini Mills Ltd
BANARISUG,Bannari Amman Sugars Ltd
BANCOINDIA,Banco�Products (I) Ltd
BANG,Bang Overseas Ltd
BANKBARODA,Bank of Baroda
BANKBEES,Benchmark Asset Management Company Pvt. Ltd
BANKINDIA,Bank of India
BANKRAJAS,The Bank of Rajasthan Ltd
BANSWRAS,Banswara Syntex Ltd
BARTRONICS,Bartronics India Ltd
BASF,BASF India Ltd
BASML,Bannari Amman Spinning Mills Ltd
BATAINDIA,Bata India Ltd
BATLIBOI,Batliboi Ltd
BBL,Bharat Bijlee Ltd
BBTC,Bombay Burmah Trading Corp. Ltd
BCCL,Bihar Caustics and Chemicals Ltd
BEL,Bharat Electronics Ltd
BELCERAMIC,Bell Ceramics Ltd
BEML,BEML Ltd
BEPL,Bhansali Engineering Polymers Ltd
BERGEPAINT,Berger Paints (I) Ltd
BFUTILITIE,BF Utilities Ltd
BGRENERGY,BGR Energy Systems Ltd
BHAGWATIHO,Bhagwati�Banquets�and Hotels Ltd
BHAGYNAGAR,Bhagyanagar India Ltd
BHARATFORG,Bharat Forge Ltd
BHARATGEAR,Bharat Gears Ltd
BHARATRAS,Bharat Rasayan Ltd
BHARTIARTL,Bharti Airtel Ltd
BHARTISHIP,Bharati Shipyard Ltd
BHEL,Bharat Heavy Electricals Ltd
BHUSANSTL,Bhushan Steel Ltd
BIL,Bhartiya International Ltd
BILPOWER,Bilpower Ltd
BINANICEM,Binani Cement Ltd
BINANIIND,Binani Industries Ltd
BINDALAGRO,Oswal Chemicals & Fertilizers Ltd
BIOCON,Biocon Ltd
BIRLACORPN,Birla Corporation Ltd
BIRLACOT,Birla Cotsyn (India) Ltd
BIRLAERIC,Birla Ericsson Optical Ltd
BIRLAPOWER,Birla Power Solutions Ltd
BLBLtd,BLB Ltd
BLKASHYAP,B. L. Kashyap and Sons Ltd
BLUEBIRD,Blue Bird (India) Ltd
BLUECHIP,Blue Chip India Ltd
BLUECOAST,Blue Coast Hotels and Resorts Ltd
BLUEDART,Blue Dart Express Ltd
BLUESTARCO,Blue Star Ltd
BLUESTINFO,Blue Star Infotech Ltd
BOC,BOC India Ltd
BOMDYEING,Bombay Dyeing & Mfg Co. Ltd
BONGAIREFN,Bongaigaon Refinery & Petrochemicals Ltd
BOSCHLTD,Bosch Ltd
BPCL,Bharat Petroleum Corpn. Ltd
BPL,BPL Ltd
BRABOURNE,Brabourne Enterprises Ltd
BRFL,Bombay Rayon Fashions Ltd
BRIGADE,Brigade Enterprises Ltd
BRITANNIA,Britannia Industries Ltd
BROADCAST,Broadcast Initiatives Ltd
BSELINFRA,BSEL Infrastructure Realty Ltd
BSL,BSL Ltd
BURNPUR,Burnpur Cement Ltd
BVCL,Barak Valley Cements Ltd
CADILAHC,Cadila Healthcare Ltd
CAIRN,Cairn India Ltd
CALSOFT,California Software Company Ltd
CAMBRIDGE,Cambridge Solutions Ltd
CAMLIN,Camlin Ltd
CANBK,CANARA BANK
CANDC,C & C Constructions Ltd
CANFINHOME,Can Fin Homes Ltd
CARBORUNIV,Carborundum Universal Ltd
CAROLINFO,Carol Info Services Ltd
CASTROL,Castrol India Ltd
CCCL,Consolidated Construction Consortium Ltd
CCL,CCL Products (India) Ltd
CEATLTD,CEAT Ltd
CELEBRITY,Celebrity Fashions Ltd
CELESTIAL,Celestial Labs Ltd
CENTENKA,Century Enka Ltd
CENTEXT,Century Extrusions Ltd
CENTRALBK,Central Bank of India
CENTUM,Centum Electronics Ltd
CENTURYPLY,Century Plyboards (India) Ltd
CENTURYTEX,Century Textiles & Industries Ltd
CERA,Cera Sanitaryware Ltd
CESC,CESC Ltd
CHAMBLFERT,Chambal Fertilizers & Chemicals Ltd
CHEMFALKAL,CHEMFAB ALKALIS Ltd
CHEMPLAST,Chemplast Sanmar Ltd
CHENNPETRO,Chennai Petroleum Corporation Ltd
CHESLINTEX,Cheslind Textiles Ltd
CHETTINAD,Chettinad Cement Corporation Ltd
CHI,CHI Investments Ltd
CHOLADBS,Cholamandalam DBS Finance Ltd
CIMCOBIRLA,Cimmco Birla Ltd
CINEMAX,Cinemax India Ltd
CINEVISTA,Cinevistaas Ltd
CIPLA,Cipla Ltd
CLASSIC,Classic Diamonds (India) Ltd
CLNINDIA,Clariant Chemicals (India) Ltd
CLUTCHAUTO,Clutch Auto Ltd
CMC,CMC Ltd
COLPAL,Colgate Palmolive (India) Ltd
COMPUTECH,Computech International Ltd
COMSYS,Compulink Systems Ltd
CONCOR,Container Corporation of India Ltd
CONSOFINVT,Consolidated Finvest & Holdings Ltd
CORDSCABLE,Cords Cable Industries Ltd
COREEMBLG,Core Emballage Ltd
COREPROTEC,Core Projects and Technologies Ltd
COROMNFERT,Coromandel Fertilisers Ltd
CORPBANK,Corporation Bank
COSMOFILMS,Cosmo Films Ltd
CRANESSOFT,Cranes Software International Ltd
CREATIVEYE,Creative Eye Ltd
CRESTANI,Crest Animation Studios Ltd
CREWBOS,Crew B.O.S. Products Ltd
CRISIL,CRISIL Ltd
CROMPGREAV,Crompton Greaves Ltd
CTE,Cambridge Technology Enterprises Ltd
CUB,City Union Bank Ltd
CUBEXTUB,Cubex Tubings Ltd
CUMMINSIND,Cummins India Ltd
CYBERMEDIA,Cyber Media (India) Ltd
CYBERTECH,Cybertech Systems And Software Ltd
DAAWAT,LT Foods Ltd
DABUR,Dabur India Ltd
DABURPHARM,Dabur Pharma Ltd
DALMIACEM,Dalmia Cement (Bharat) Ltd
DATATECH,Datamatics Technologies Ltd
DCB,Development Credit Bank Ltd
DCHL,Deccan Chronicle Holdings Ltd
DCM,DCM Ltd
DCMFINSERV,DCM Financial Services Ltd
DCMSRMCONS,DCM Shriram Consolidated Ltd
DCW,DCW Ltd
DECCANCE,Deccan Cements Ltd
DECOLIGHT,Decolight Ceramics Ltd
DEEPAKFERT,Deepak Fertilizers and Petrochemicals Corporation Ltd
DELTACORP,Delta Corp Ltd
DENABANK,Dena Bank
DENORA,De Nora India Ltd
DEWANHOUS,Dewan Housing Finance Corporation Ltd
DHAMPURSUG,The Dhampur Sugar Mills Ltd
DHANBANK,The Dhanalakshmi Bank Ltd
DHANUS,Dhanus Technologies Ltd
DHARSUGAR,Dharani Sugars & Chemicals Ltd
DICIND,DIC India Ltd
DIGJAM,Digjam Ltd
DISHMAN,Dishman Pharmaceuticals and Chemicals Ltd
DISHTV,Dish TV India Ltd
DIVISLAB,Divi's Laboratories Ltd
DLF,DLF Ltd
D-LINK,D-Link (India) Ltd
DOLPHINOFF,Dolphin Offshore Enterprises (India) Ltd
DONEAR,Donear Industries Ltd
DPSCLTD,DPSC Ltd
DREDGECORP,Dredging Corporation of India Ltd
DRREDDY,Dr. Reddy's Laboratories Ltd
DSKULKARNI,DS Kulkarni Developers Ltd
DTIL,Dhunseri Tea & Industries Ltd
DUNCANSIND,Duncans Industries Ltd
DWARKESH,Dwarikesh Sugar Industries Ltd
DYNACONS,Dynacons Systems & Solutions Ltd
DYNAMATECH,Dynamatic Technologies Ltd
EASTSILK,Eastern Silk Industries Ltd
EASUNREYRL,Easun Reyrolle Ltd
ECEIND,ECE Industries Ltd
EDELWEISS,Edelweiss Capital Ltd
EDL,Empee Distilleries Ltd
EDUCOMP,Educomp Solutions Ltd
EICHERMOT,Eicher Motors Ltd
EIDPARRY,EID Parry India Ltd
EIHAHOTELS,EIH Associated Hotels Ltd
EIHOTEL,EIH Ltd
EIMCOELECO,Eimco Elecon (India) Ltd
EKC,Everest Kanto Cylinder Ltd
ELDERPHARM,Elder Pharmaceuticals Ltd
ELECON,Elecon Engineering Co Ltd
ELECTCAST,Electrosteel Castings Ltd
ELECTHERM,Electrotherm (India) Ltd
ELGIEQUIP,Elgi Equipments Ltd
ELGITYRE,Elgitread (India) Ltd
EMAMILTD,Emami Ltd
EMCO,Emco Ltd
EMKAY,Emkay Global Financial Services Ltd
ENERGYDEV,Energy Development Company Ltd
ENGINERSIN,Engineers India Ltd
ENIL,Entertainment Network (India) Ltd
ENKEI,Enkei Castalloy Ltd
ENTEGRA,Entegra Ltd
ERAINFRA,Era Infra Engineering Ltd
ESABINDIA,Esab India Ltd
ESCORTS,Escorts Ltd
ESSAROIL,Essar Oil Ltd
ESSARSHIP,Essar Shipping Ltd
ESSDEE,Ess Dee Aluminium Ltd
ESSELPACK,Essel Propack Ltd
ETC,ETC Networks Ltd
EUROCERA,Euro Ceramics Ltd
EUROTEXIND,Eurotex Industries and Exports Ltd
EVEREADY,Eveready Industries India Ltd
EVERESTIND,Everest Industries Ltd
EVERONN,Everonn Systems India Ltd
EVINIX,Evinix Accessories Ltd
EXCELCROP,Excel Crop Care Ltd
EXCELINDUS,Excel Industries Ltd
EXIDEIND,Exide Industries Ltd
FACT,Fertilizers and Chemicals Travancore Ltd
FAGBEARING,FAG Bearings India Ltd
FAME,Fame India Ltd
FCH,Future Capital Holdings Ltd
FCSSOFT,FCS Software Solutions Ltd
FDC,FDC Ltd
FEDDERLOYD,Fedders Lloyd Corporation Ltd
FEDERALBNK,The Federal Bank Ltd
FIEMIND,Fiem Industries Ltd
FINANTECH,Financial Technologies (India) Ltd
FINCABLES,Finolex Cables Ltd
FINPIPE,Finolex Industries Ltd
FIRSTLEASE,First Leasing Company of India Ltd
FIRSTWIN,First Winner Industries Ltd
FMGOETZE,Federal-Mogul Goetze (India) Ltd.
FORTIS,Fortis Healthcare Ltd
FOSECOIND,Foseco India Ltd
FOURSOFT,Four Soft Ltd
FSL,Firstsource Solutions Ltd
FTCPOF3YDV,Templeton Capital Protection Oriented Fund 3YDV
FTCPOF3YGR,Templeton Capital Protection Oriented Fund 3YGR
FTCPOF5YDV,Templeton Capital Protection Oriented Fund 5YDV
FTCPOF5YGR,Templeton Capital Protection Oriented Fund 5YGR
FTCSF3YDIV,Templeton Mutual Fund-Capital Safety Fund-3Y(Divdend Option)
FTCSF3YGRO,Templeton Mutual Fund-Capital Saftey Fund 3Y (Growth Option)
FTCSF5YDIV,Templeton Mutual Fund-Capital Safety Fund-5Y Dividend Option
FTCSF5YGRO,Templeton Mutual Fund-Capital Safety Fund-5Y (Growth Option)
GABRIEL,Gabriel India Ltd
GAEL,Gujarat Ambuja Exports Ltd
GAIL,GAIL (India) Ltd
GALLANTT,Gallantt Metal Ltd
GAMMNINFRA,Gammon Infrastructure Projects Ltd
GAMMONIND,Gammon India Ltd
GANDHITUBE,Gandhi Special Tubes Ltd
GANESHHOUC,GANESH HOUSING CORPORATION Ltd
GANGOTRI,Gangotri Textiles Ltd
GARDENSILK,Garden Silk Mills Ltd
GARWALLROP,Garware Wall Ropes Ltd
GARWOFFS,Garware Offshore Services Ltd
GATI,GATI Ltd
GDL,Gateway Distriparks Ltd
GEMINI,Gemini Communication Ltd
GENESYS,Genesys International Corporation Ltd
GENUSPOWER,Genus Power Infrastructures Ltd
GEODESIC,Geodesic Ltd
GEOJIT,Geojit Financial Services Ltd
GEOMETRIC,Geometric Ltd
GESHIP,The Great Eastern Shipping Co. Ltd
GHCL,GHCL Ltd
GICHSGFIN,GIC Housing Finance Ltd
GILLETTE,Gillette India Ltd
GINNIFILA,Ginni Filaments Ltd
GIPCL,Gujarat Industries Power Co. Ltd
GITANJALI,Gitanjali Gems Ltd
GKW,GKW Ltd
GLAXO,GlaxoSmithKline Pharmaceuticals Ltd
GLENMARK,Glenmark Pharmaceuticals Ltd
GLFL,Gujarat Lease Financing Ltd
GLOBALVECT,Global Vectra Helicorp Ltd
GLODYNE,Glodyne Technoserve Ltd
GLORY,Glory Polyfilms Ltd
GMBREW,GM Breweries Ltd
GMDCLTD,Gujarat Mineral Development Corporation Ltd
GMRFER,GMR Ferro Alloys & Industries Ltd
GMRINDS,GMR Industries Ltd
GMRINFRA,GMR Infrastructure Ltd
GNFC,Gujarat Narmada Valley Fertilizer Co. Ltd
GOACARBON,Goa Carbon Ltd
GODFRYPHLP,Godfrey Phillips India Ltd
GODREJCP,Godrej Consumer Products Ltd
GODREJIND,Godrej Industries Ltd
GOKEX,Gokaldas Exports Ltd
GOKUL,Gokul Refoils and Solvent Ltd
GOLDBEES,Mutual Fund - Gold Benchmark Exchange Traded Scheme
GOLDENTOBC,Golden Tobacco Ltd
GOLDIAM,Goldiam International Ltd
GOLDINFRA,Goldstone Infratech Ltd
GOLDSHARE,UTI Mutual Fund - UTI Gold Exchange Traded Fund
GOLDTECH,Goldstone Technologies Ltd
GPELECT,GP Electronics Ltd
GPIL,Godawari Power And Ispat Ltd
GRANULES,Granules India Ltd
GRAPHITE,Graphite India Ltd
GRASIM,Grasim Industries Ltd
GREAVESCOT,Greaves Cotton Ltd
GREENPLY,Greenply Industries Ltd
GRINDWELL,Grindwell Norton Ltd
GRUH,Gruh Finance Ltd
GSFC,Gujarat State Fertilizers & Chemicals Ltd
GSKCONS,GlaxoSmithKline Consumer Healthcare Ltd
GSPL,Gujarat State Petronet Ltd
GSSAMERICA,GSS America Infotech Ltd
GTL,GTL Ltd
GTLINFRA,GTL Infrastructure Ltd
GTNIND,GTN Industries Ltd
GTNTEX,GTN Textiles Ltd
GTOFFSHORE,Great Offshore Ltd
GUFICBIO,Gufic Biosciences Ltd
GUJALKALI,Gujarat Alkalies and Chemicals Ltd
GUJAPOLLO,Gujarat Apollo Industries Ltd
GUJFLUORO,Gujarat Fluorochemicals Ltd
GUJNRECOKE,Gujarat NRE Coke Ltd
GUJRATGAS,Gujarat Gas Co. Ltd
GUJSIDHCEM,Gujarat Sidhee Cements Ltd
GULFOILCOR,Gulf Oil Corporation Ltd
GVKPIL,GVK Power & Infrastructure Ltd
GWALCHEM,Gwalior Chemical Industries Ltd
HANUNG,Hanung Toys and Textiles Ltd
HARRMALAYA,Harrisons Malayalam Ltd
HAVELLS,Havells India Ltd
HBLPOWER,HBL Power Systems Ltd
HBSTOCK,HB Stockholdings Ltd
HCC,Hindustan Construction Co. Ltd
HCIL,Himadri Chemicals and Industries Ltd
HCL-INSYS,HCL Infosystems Ltd
HCLTECH,HCL Technologies Ltd
HDFC,Housing Development Finance Corporation Ltd
HDFCBANK,HDFC Bank Ltd
HDIL,Housing Development and Infrastructure Ltd
HEG,HEG Ltd
HELIOSMATH,Helios And Matheson Information Technology Ltd
HERCULES,Hercules Hoists Ltd
HEROHONDA,Hero Honda Motors Ltd
HEXAWARE,Hexaware Technologies Ltd
HIKAL,Hikal Ltd
HILTON,Hilton Metal Forging Ltd
HIMACHLFUT,Himachal Futuristic Communications Ltd
HIMATSEIDE,Himatsingka Seide Ltd
HINDALCO,Hindalco Industries Ltd
HINDCOMPOS,Hindustan Composites Ltd
HINDDORROL,Hindustan Dorr-Oliver Ltd
HINDMOTOR,Hindustan Motors Ltd
HINDOILEXP,Hindustan Oil Exploration Co. Ltd
HINDPETRO,Hindustan Petroleum Corporation Ltd
HINDSANIT,Hindustan Sanitaryware And Industries Ltd
HINDSYNTEX,Hind Syntex Ltd
HINDUJAFO,Hinduja Foundries Ltd
HINDUJAVEN,Hinduja Ventures Ltd
HINDUNILVR,Hindustan Unilever Ltd
HINDZINC,Hindustan Zinc Ltd
HIRECT,Hind Rectifiers Ltd
HITACHIHOM,Hitachi Home and Life Solutions (India) Ltd
HITECHGEAR,Hi-Tech Gears Ltd
HITECHPLAS,Hitech Plast Ltd
HMT,HMT Ltd
HOCL,Hindustan Organic Chemicals Ltd
HONAUT,HONEYWELL AUTOMATION INDIA Ltd
HONDAPOWER,Honda Siel Power Products Ltd
HOPFL,House of Pearl Fashions Ltd
HORIZONINF,Horizon Infrastructure Ltd
HOTELEELA,Hotel Leela Venture Ltd
HOTELRUGBY,Hotel Rugby Ltd
HOVS,HOV Services Ltd
HTMEDIA,HT Media Ltd
HTMTGLOBAL,HTMT Global Solutions Ltd
HYDRBADIND,Hyderabad Industries Ltd
IBN18,ibn18 Broadcast Ltd
IBREALEST,Indiabulls Real Estate Ltd
IBRETAILS,Indiabulls Retail Services Ltd
IBSEC,Indiabulls Securities Ltd
ICI,ICI India Ltd
ICICIBANK,ICICI Bank Ltd
ICIL,Indo Count Industries Ltd
ICRA,ICRA Ltd
ICSA,ICSA (India) Ltd
IDBI,IDBI Bank Ltd
IDEA,Idea Cellular Ltd
IDFC,Infrastructure Development Finance Company Ltd
IFBAGRO,IFB Agro Industries Ltd
IFBIND,IFB Industries Ltd
IFCI,IFCI Ltd
IFGLREFRAC,IFGL Refractories Ltd
IGARASHI,Igarashi Motors India Ltd
IGL,Indraprastha Gas Ltd
IGPL,IG Petrochemicals Ltd
IILTD,Insecticides (India) Ltd
IMPAL,India Motor Parts and Accessories Ltd
IMPEXFERRO,Impex Ferro Tech Ltd
INDBANK,Indbank Merchant Banking Services Ltd
INDHOTEL,The Indian Hotels Company Ltd
INDIABULLS,Indiabulls Financial Services Ltd
INDIACEM,The India Cements Ltd
INDIAGLYCO,India Glycols Ltd
INDIAINFO,India Infoline Ltd
INDIANB,Indian Bank
INDIANCARD,Indian Card Clothing Co. Ltd
INDIANHUME,Indian Hume Pipe Co. Ltd
INDLMETER,IMP Powers Ltd
INDNIPPON,India Nippon Electricals Ltd
INDOASIFU,Indo Asian Fusegear Ltd
INDOCO,Indoco Remedies Ltd
INDORAMA,Indo Rama Synthetics (India) Ltd
INDOTECH,Indo Tech Transformers Ltd
INDOWIND,Indowind Energy Ltd
INDRAMEDCO,Indraprastha Medical Corporation Ltd
INDSWFTLAB,Ind-Swift Laboratories Ltd
INDSWFTLTD,Ind-Swift Ltd
INDUSFILA,Indus Fila Ltd
INDUSINDBK,IndusInd Bank Ltd
INEABS,INEOS ABS (India) Ltd
INFOMEDIA,Infomedia India Ltd
INFOSYSTCH,Infosys Technologies Ltd
INFOTECENT,Infotech Enterprises Ltd
INGERRAND,Ingersoll Rand (India) Ltd
INGVYSYABK,ING Vysya Bank Ltd
INOXLEISUR,INOX Leisure Ltd
INVSTSMART,IL&FS Investsmart Ltd
IOB,Indian Overseas Bank
IOC,Indian Oil Corporation Ltd
IOLN,IOL Netcom Ltd
IPCALAB,IPCA Laboratories Ltd
IRB,IRB Infrastructure Developers Ltd
ISMTLTD,ISMT Ltd
ISPATIND,Ispat Industries Ltd
ITC,ITC Ltd
ITDCEM,ITD Cementation India Ltd
ITI,ITI Ltd
IVC,IL&FS Investment Managers Ltd
IVP,IVP Ltd
IVRCLINFRA,IVRCL Infrastructures & Projects Ltd
IVRPRIME,IVR Prime Urban Developers Ltd
J&KBANK,The Jammu & Kashmir Bank Ltd
JAGRAN,Jagran Prakashan Ltd
JAGSNPHARM,Jagsonpal Pharmaceuticals Ltd
JAIBALAJI,Jai Balaji Industries Ltd
JAICORPLTD,Jai Corp Ltd
JAINSTUDIO,Jain Studios Ltd
JAYAGROGN,Jayant Agro Organics Ltd
JAYBARMARU,Jay Bharat Maruti Ltd
JAYNECOIND,Jayaswal Neco Industries Ltd
JAYPEEHOT,Jaypee Hotels Ltd
JAYSREETEA,Jayshree Tea & Industries Ltd
JBCHEPHARM,JB Chemicals & Pharmaceuticals Ltd
JBFIND,JBF Industries Ltd
JBMA,JBM Auto Ltd
JCTEL,JCT Electronics Ltd
JDORGOCHEM,JD Orgochem Ltd
JENSONICOL,Jenson & Nicholson (India) Ltd
JETAIRWAYS,Jet Airways (India) Ltd
JHS,JHS Svendgaard Laboratories Ltd
JIKIND,JIK Industries Ltd
JINDALPHOT,Jindal Photo Ltd
JINDALPOLY,Jindal Poly Films Ltd
JINDALSAW,Jindal Saw Ltd
JINDALSTEL,Jindal Steel & Power Ltd
JINDALSWHL,Jindal South West Holdings Ltd
JINDRILL,Jindal Drilling And Industries Ltd
JISLJALEQS,Jain Irrigation Systems Ltd
JKCEMENT,JK Cement Ltd
JKIL,J.Kumar Infraprojects Ltd
JKLAKSHMI,JK Lakshmi Cement Ltd
JKPAPER,JK Paper Ltd
JKTYRE,JK Tyre & Industries Ltd
JMCPROJECT,JMC Projects (India) Ltd
JMFINANCIL,JM Financial Ltd
JMTAUTOLTD,JMT Auto Ltd
JOCIL,Jocil Ltd
JPASSOCIAT,Jaiprakash Associates Ltd
JPHYDRO,Jaiprakash Hydro-Power Ltd
JSL,JSL Ltd
JSWSTEEL,JSW Steel Ltd
JUBILANT,Jubilant Organosys Ltd
JUNIORBEES,Mutual Fund-Nifty Junior Benchmark ETF
JYOTHYLAB,Jyothy Laboratories Ltd
JYOTISTRUC,Jyoti Structures Ltd
KABRAEXTRU,Kabra Extrusion Technik Ltd
KAJARIACER,Kajaria Ceramics Ltd
KAKATCEM,Kakatiya Cement Sugar & Industries Ltd
KALECONSUL,Kale Consultants Ltd
KALINDEE,Kalindee Rail Nirman (Engineers) Ltd
KALPATPOWR,Kalpataru Power Transmission Ltd
KALSTEELS,Kalyani Steels Ltd
KALYANIFRG,Kalyani Forge Ltd
KAMATHOTEL,Kamat Hotels (I) Ltd
KANORICHEM,Kanoria Chemicals & Industries Ltd
KANSAINER,Kansai Nerolac Paints Ltd
KARURVYSYA,Karur Vysya Bank Ltd
KAUSHALYA,Kaushalya Infrastructure Development Corporation Ltd
KAVVERITEL,Kavveri Telecom Products Ltd
KBL,Kirloskar Brothers Ltd
KCP,KCP Ltd
KCPSUGIND,KCP Sugar and Industries Corporation Ltd
KEC,KEC International Ltd
KEI,KEI Industries Ltd
KERNEX,Kernex Microsystems (India) Ltd
KESARENT,Kesar Enterprises Ltd
KESORAMIND,Kesoram Industries Ltd
KEYCORPSER,Keynote Corp. Serv. Ltd
KFA,Kingfisher Airlines Ltd
KGL,Karuturi Global Ltd
KHAITANELE,Khaitan Electricals Ltd
KHAITANLTD,Khaitan (India) Ltd
KHANDSE,Khandwala Securities Ltd
KIL,Kamdhenu Ispat Ltd
KINETICMOT,Kinetic Motor Company Ltd
KIRIDYES,Kiri Dyes and Chemicals Ltd
KIRLOSOIL,Kirloskar Oil Engines Ltd
KITPLYIND,Kitply Industries Ltd
KKCL,Kewal Kiran Clothing Ltd
KLGSYSTEL,KLG Systel Ltd
KMSUGAR,K.M.Sugar Mills Ltd
KNRCON,KNR Constructions Ltd
KOHINOOR,Kohinoor Foods Ltd
KOLTEPATIL,Kolte - Patil Developers Ltd
KOPDRUGS,KDL Biotech Ltd
KOPRAN,Kopran Ltd
KOTAKBANK,Kotak Mahindra Bank Ltd
KOTAKGOLD,Kotak Mutual Fund - Gold Exchange Traded Fund
KOTAKPSUBK,Mahindra Mutual Fund
KOTARISUG,Kothari Sugars And Chemicals Ltd
KOTHARIPET,Kothari Petrochemicals Ltd
KOTHARIPRO,Kothari Products Ltd
KOUTONS,Koutons Retail India Ltd
KPIT,KPIT Cummins Infosystems Ltd
KPRMILL,K.P.R. Mill Ltd
KRBL,KRBL Ltd
KRISHNAENG,Krishna Engineering Works Ltd
KSBPUMPS,KSB Pumps Ltd
KSCL,Kaveri Seed Company Ltd
KSERAPRO,K Sera Sera Productions Ltd
KSK,KSK Energy Ventures Ltd
KSOILS,K S Oils Ltd
KTKBANK,The Karnataka Bank Ltd
LAKPRE,Lakshmi Precision Screws Ltd
LAKSHMIEFL,Lakshmi Energy and Foods Ltd
LAKSHVILAS,Lakshmi Vilas Bank Ltd
LANCOIN,Lanco Industries Ltd
LAOPALA,La Opala RG Ltd
LAXMIMACH,Lakshmi Machine Works Ltd
LCCINFOTEC,LCC Infotech Ltd
LGBFORGE,LGB Forge Ltd
LGBROS,LG Balakrishnan & Bros Ltd
LIBERTSHOE,Liberty Shoes Ltd
LICHSGFIN,LIC Housing Finance Ltd
LIQUIDBEES,Benchmark Asset Management Company Private Ltd
LITL,Lanco Infratech Ltd
LLOYDELENG,Lloyd Electric & Engineering Ltd
LLOYDFIN,Lloyds Finance Ltd
LLOYDSTEEL,Lloyds Steel Industries Ltd
LML,LML Ltd
LOGIXMICRO,Logix Microsystems Ltd
LOKESHMACH,LOKESH MACHINES Ltd
LOTTEINDIA,Lotte India Corporation Ltd
LPDC,Landmark Property Development Company Ltd
LT,Larsen & Toubro Ltd
LUMAXAUTO,Lumax Automotive Systems Ltd
LUMAXIND,Lumax Industries Ltd
LUMAXTECH,Lumax Auto Technologies Ltd
LUPIN,Lupin Ltd
LYKALABS,Lyka Labs Ltd
M&M,& Mahindra Ltd
M&MFIN,Mahindra & Mahindra Financial Services Ltd
MAARSOFTW,Maars Software International Ltd
MACMILLAN,Macmillan India Ltd
MADHAV,Madhav Marbles and Granites Ltd
MADHUCON,Madhucon Projects Ltd
MADRASCEM,Madras Cements Ltd
MADRASFERT,Madras Fertilizers Ltd
MAGMA,Magma Fincorp Ltd
MAGNUM,Magnum Ventures Ltd
MAHABANK,Bank of Maharashtra
MAHINDFORG,Mahindra Forgings Ltd
MAHINDUGIN,Mahindra Ugine Steel Co. Ltd
MAHLIFE,Mahindra Lifespace Developers Ltd
MAHSCOOTER,Maharashtra Scooters Ltd
MAHSEAMLES,Maharashtra Seamless Ltd
MALCO,The Madras Aluminium Co Ltd
MALUPAPER,Malu Paper Mills Ltd
MALWACOTT,Malwa Cotton Spg. Mills Ltd
MANAKSIA,Manaksia Ltd
MANALIPETC,Manali Petrochemical Ltd
MANALU,Man Aluminium Ltd
MANGALAM,Mangalam Drugs And Organics Ltd
MANGCHEFER,Mangalore Chemicals & Fertilizers Ltd
MANGLMCEM,Mangalam Cement Ltd
MANGTIMBER,Mangalam Timber Products Ltd
MANINDS,Man Industries (India) Ltd
MANUGRAPH,Manugraph India Ltd
MARALOVER,Maral Overseas Ltd
MARICO,Marico Ltd
MARKSANS,Marksans Pharma Ltd
MARUTI,Maruti Suzuki India Ltd
MASTEK,Mastek Ltd
MATRIXLABS,Matrix Laboratories Ltd
MAX,Max India Ltd
MAXWELL,Maxwell Industries Ltd
MAYTASINFR,Maytas Infra Ltd
MBECL,Mcnally Bharat Engineering Company Ltd
MCDHOLDING,McDowell Holdings Ltd
MCDOWELL-N,United Spirits Ltd
MCLEODRUSS,Mcleod Russel India Ltd
MEDIA,Media Video Ltd
MEGASOFT,Megasoft Ltd
MEGH,Meghmani Organics Ltd
MELSTAR,Melstar Information Technologies Ltd
MERCK,Merck Ltd
MIC,MIC Electronics Ltd
MICRO,Micro Inks Ltd
MICROTECH,Micro Technologies (India) Ltd
MID-DAY,Mid-Day Multimedia Ltd
MINDAIND,Minda Industries Ltd
MINDTREE,MindTree Ltd
MIRCELECTR,MIRC Electronics Ltd
MIRZAINT,Mirza International Ltd
MLL,Mercator Lines Ltd
MMFL,MM Forgings Ltd
MONNETISPA,Monnet Ispat Ltd
MONSANTO,Monsanto India Ltd
MORARJETEX,Morarjee Textiles Ltd
MOREPENLAB,Morepen Laboratories Ltd
MOSERBAER,Moser-Baer (I) Ltd
MOTHERSUMI,Motherson Sumi Systems Ltd
MOTILALOFS,Motilal Oswal Financial Services Ltd
MOTOGENFIN,The Motor & General Finance Ltd
MPHASIS,MphasiS Ltd
MRF,MRF Ltd
MRO-TEK,MRO-TEK Ltd
MRPL,Mangalore Refinery and Petrochemicals Ltd
MSKPROJ,MSK Projects (India) Ltd
MSPL,MSP Steel & Power Ltd
MTNL,Mahanagar Telephone Nigam Ltd
MUDRA,Mudra Lifestyle Ltd
MUKANDENGG,Mukand Engineers Ltd
MUKANDLTD,Mukand Ltd
MUKTAARTS,Mukta Arts Ltd
MUNDRAPORT,Mundra Port and Special Economic Zone Ltd
MUNJALAU,Munjal Auto Industries Ltd
MUNJALSHOW,Munjal Showa Ltd
MURLIIND,Murli Industries Ltd
MURUDCERA,Murudeshwar Ceramics Ltd
MVL,MVL Ltd
MYSORECEM,Mysore Cements Ltd
NAGARCONST,Nagarjuna Construction Co. Ltd
NAGARFERT,Nagarjuna Fertilizer & Chemicals Ltd
NAGREEKCAP,Nagreeka Capital & Infrastructure Ltd
NAGREEKEXP,Nagreeka Exports Ltd
NAHARCAP,Nahar Capital and Financial Services Ltd
NAHARINDUS,Nahar Industrial Enterprises Ltd
NAHARINVST,Nahar Investments and Holding Ltd
NAHARSPING,Nahar Spinning Mills Ltd
NANDAN,Nandan Exim Ltd
NATCOPHARM,Natco Pharma Ltd
NATIONALUM,National Aluminium Company Ltd
NATNLSTEEL,NATIONAL STEEL AND AGRO INDUSTRIES Ltd
NAUKRI,Info Edge (India) Ltd
NAVINFLUOR,Navin Fluorine International Ltd
NAVNETPUBL,Navneet Publications India Ltd
NBVENTURES,Nava Bharat Ventures Ltd
NCLIND,NCL Industries Ltd
NDTV,New Delhi Television Ltd
NECLIFE,Nectar Lifesciences Ltd
NELCAST,Nelcast Ltd
NELCO,NELCO Ltd
NEPCMICON,NEPC India Ltd
NESCO,Nesco Ltd
NETWORK18,Network 18 Fincap Ltd
NEULANDLAB,Neuland Laboratories Ltd
NEYVELILIG,Neyveli Lignite Corporation Ltd
NFL,National Fertilizers Ltd
NICCO,Nicco Corporation Ltd
NIFTYBEES,Benchmark Mutual Fund
NIITLTD,NIIT Ltd
NIITTECH,NIIT Technologies Ltd
NILKAMAL,Nilkamal Ltd
NIPPOBATRY,Nippo Batteries Co. Ltd
NIRMA,Nirma Ltd
NITCO,Nitco Ltd
NITINFIRE,Nitin Fire Protection Industries Ltd
NITINSPIN,Nitin Spinners Ltd
NMDC,NMDC Ltd
NOCIL,NOCIL Ltd
NOIDATOLL,Noida Toll Bridge Company Ltd
NORBTEAEXP,Norben Tea & Exports Ltd
NORTHGATE,Northgate Technologies Ltd
NOVAPETRO,Nova Petrochemicals Ltd
NOVOPANIND,Novopan Industries Ltd
NRBBEARING,NRB Bearing Ltd
NRC,NRC Ltd
NSIL,Nalwa Sons Investments Ltd
NTPC,NTPC Ltd
NUCENT,Nucent Finance Ltd
NUCHEM,Nuchem Ltd
NUCLEUS,Nucleus Software Exports Ltd
NUMERICPW,Numeric Power Systems Ltd
NUTEK,Nu Tek India Ltd
OCL,OCL India Ltd
OCTAV,Octav Investments Ltd
OFSS,Oracle Financial Services Software Ltd
OILCOUNTUB,Oil Country Tubular Ltd
OISL,OCL Iron and Steel Ltd
OMAXAUTO,OMAX AUTOS Ltd
OMAXE,Omaxe Ltd
OMNITECH,Omnitech Infosolutions Ltd
ONGC,Oil & Natural Gas Corpn Ltd
ONMOBILE,OnMobile Global Ltd
ONWARDTEC,Onward Technologies Ltd
OPTOCIRCUI,Opto Circuits (India) Ltd
ORBITCORP,Orbit Corporation Ltd
ORCHIDCHEM,Orchid Chemicals & Pharmaceuticals Ltd
ORGINFO,ORG Informatics Ltd
ORIENTABRA,Orient Abrasives Ltd
ORIENTBANK,Oriental Bank of Commerce
ORIENTCERA,Orient Ceramics and Industries Ltd
ORIENTHOT,Oriental Hotels Ltd
ORIENTINFO,Orient Information Technology Ltd
ORIENTPPR,Orient Paper & Industries Ltd
ORIENTPRES,Orient Press Ltd
OTL,Oriental Trimex Ltd
OUDHSUG,The Oudh Sugar Mills Ltd
PAEL,PAE Ltd
PAGEIND,Page Industries Ltd
PANACEABIO,Panacea Biotec Ltd
PANORAMUNI,Panoramic Universal Ltd
PANTALOONR,Pantaloon Retail (India) Ltd
PAPERPROD,The Paper Products Ltd
PARACABLES,Paramount Communications Ltd
PARAL,Parekh Aluminex Ltd
PAREKHPLAT,Parekh Platinum Ltd
PARSVNATH,Parsvnath Developers Ltd
PATELENG,Patel Engineering Ltd
PATINTLOG,Patel Integrated Logistics Ltd
PATNI,Patni Computer Systems Ltd
PATSPINLTD,Patspin India Ltd
PBAINFRA,PBA Infrastructure Ltd
PDUMJEIND,Pudumjee Industries Ltd
PDUMJEPULP,Pudumjee Pulp & Paper Mills Ltd
PEACOCKIND,Peacock Industries Ltd
PEARLGLOBL,Pearl Global Ltd
PEARLPOLY,Pearl Polymers Ltd
PENINLAND,Peninsula Land Ltd
PEPL,Pearl Engineering Polymers Ltd
PETRONENGG,Petron Engineering Construction Ltd
PETRONET,Petronet LNG Ltd
PFC,Power Finance Corporation Ltd
PFIZER,Pfizer Ltd
PFOCUS,Prime Focus Ltd
PGHH,Procter & Gamble Hygiene and Health Care Ltd
PHILIPCARB,Phillips Carbon Black Ltd
PHOENIXLMP,Phoenix Lamps Ltd
PHOENIXLTD,The Phoenix Mills Ltd
PIDILITIND,Pidilite Industries Ltd
PIONEEREMB,Pioneer Embroideries Ltd
PIRGLASS,Piramal Glass Ltd
PIRHEALTH,Piramal Healthcare Ltd
PIRLIFE,Piramal Life Sciences Ltd
PITTILAM,Pitti Laminations Ltd
PLASTIBLEN,Plastiblends India Ltd
PLETHICO,Plethico Pharmaceuticals Ltd
PNB,Punjab National Bank
PNBGILTS,PNB Gilts Ltd
PNC,Pritish Nandy Communications Ltd
POCHIRAJU,Pochiraju Industries Ltd
POLARIND,Polar Industries Ltd
POLARIS,Polaris Software Lab Ltd
POLYPLEX,Polyplex Corporation Ltd
PONNIERODE,Ponni Sugars (Erode) Ltd
POWERGRID,Power Grid Corporation of India Ltd
PPAP,Precision Pipes And Profiles Company Ltd
PRAENG,Prajay Engineers Syndicate Ltd
PRAJIND,Praj Industries Ltd
PRAKASH,Prakash Industries Ltd
PRATIBHA,Pratibha Industries Ltd
PRECOT,Precot Meridian Ltd
PRECWIRE,Precision Wires India Ltd
PREMIER,Premier Ltd
PRICOL,Pricol Ltd
PRIMESECU,Prime Securities Ltd
PRISMCEM,Prism Cement Ltd
PRITHVI,Prithvi Information Solutions Ltd
PROVOGUE,Provogue (India) Ltd
PSL,PSL Ltd
PSTL,Pyramid Saimira Theatre Ltd
PSUBNKBEES,Mutual Fund - PSU Bank Benchmark Exchange Traded Scheme
PTC,PTC India Ltd
PTL,PTL Enterprises Ltd
PUNJABCHEM,Punjab Chemicals & Crop Protection Ltd
PUNJABTRAC,Punjab Tractors Ltd
PUNJLLOYD,Punj Lloyd Ltd
PURVA,Puravankara Projects Ltd
PVP,PVP Ventures Ltd
PVR,PVR Ltd
QGOLDHALF,Quantum Gold Fund -Exchange Traded Fund (ETF)
QNIFTY,Quantum Index Fund -Exchange Traded Fund (ETF)
QUINTEGRA,Quintegra Solutions Ltd
RADAAN,Radaan Mediaworks India Ltd
RADICO,Radico Khaitan Ltd
RAINCOM,Rain Commodities Ltd
RAJESHEXPO,Rajesh Exports Ltd
RAJRAYON,Raj Rayon Ltd
RAJSREESUG,Rajshree Sugars & Chemicals Ltd
RAJTV,Raj Television Network Ltd
RAJVIR,Rajvir Industries Ltd
RALLIS,Rallis India Ltd
RAMANEWS,Rama Newsprint and Papers Ltd
RAMCOIND,Ramco Industries Ltd
RAMCOSYS,Ramco Systems Ltd
RAMSARUP,Ramsarup Industries Ltd
RANASUG,Rana Sugars Ltd
RANBAXY,Ranbaxy Laboratories Ltd
RANEENGINE,Rane Engine Valve Ltd
RANEHOLDIN,Rane Holdings Ltd
RATNAMANI,Ratnamani Metals & Tubes Ltd
RAYMOND,Raymond Ltd
RBL,Rane Brake Lining Ltd
RCF,Rashtriya Chemicals and Fertilizers Ltd
RCOM,Reliance Communications Ltd
RECLTD,Rural Electrification Corporation Ltd
REDINGTON,Redington (India) Ltd
REGENCERAM,Regency Ceramics Ltd
REIAGROLTD,Rei Agro Ltd
RELBANK,Reliance Mutual Fund -Banking Exchange Traded Fund (ETF)
RELCAPITAL,Reliance Capital Ltd
RELGOLD,Reliance Mutual Fund - Gold Exchange Traded Fund
RELIANCE,Reliance Industries Ltd
RELIGARE,Religare Enterprises Ltd
RELINFRA,Reliance Infrastructure Ltd
REMSONSIND,Remsons Industries Ltd
RENUKA,Shree Renuka Sugars Ltd
REPRO,Repro India Ltd
RESURGERE,Resurgere Mines & Minerals India Ltd
REVATHI,Revathi Equipment Ltd
RICOAUTO,Rico Auto Industries Ltd
RIIL,Reliance Industrial Infrastructure Ltd
RJL,Renaissance Jewellery Ltd
RKFORGE,Ramkrishna Forgings Ltd
RMCL,Radha Madhav Corporation Ltd
RML,Rane (Madras) Ltd
RNRL,Reliance Natural Resources Ltd
ROHITFERRO,Rohit Ferro-Tech Ltd
ROHLTD,Royal Orchid Hotels Ltd
ROLTA,Rolta India Ltd
ROMAN,Roman Tarmat Ltd
RPGCABLES,RPG Cables Ltd
RPGLIFE,RPG Life Sciences Ltd
RPL,Reliance Petroleum Ltd
RPOWER,Reliance Power Ltd
RSSOFTWARE,R. S. Software (India) Ltd
RSWM,RSWM Ltd
RSYSTEMS,R Systems International Ltd
RUBYMILLS,The Ruby Mills Ltd
RUCHINFRA,Ruchi Infrastructure Ltd
RUCHIRA,Ruchira Papers Ltd
RUCHISOYA,Ruchi Soya Industries Ltd
SABERORGAN,Sabero Organics Gujarat Ltd
SABTN,Sri Adhikari Brothers Television Network Ltd
SADBHAV,Sadbhav Engineering Ltd
SAGCEM,Sagar Cements Ltd
SAIL,Steel Authority of India Ltd
SAKHTISUG,Sakthi Sugars Ltd
SAKSOFT,Saksoft Ltd
SAKUMA,Sakuma Exports Ltd
SALORAINTL,Salora International Ltd
SALSTEEL,S.A.L. Steel Ltd
SAMBHAAV,Sambhaav Media Ltd
SAMTEL,Samtel Color Ltd
SANDESH,The Sandesh Ltd
SANGAMIND,Sangam (India) Ltd
SANGHIIND,Sanghi Industries Ltd
SANGHIPOLY,Sanghi Polyesters Ltd
SANGHVIMOV,Sanghvi Movers Ltd
SANWARIA,Sanwaria Agro Oils Ltd
SAPL,South Asian Petrochem Ltd
SAREGAMA,Saregama India Ltd
SARLAPOLY,Sarla Performance Fibers Ltd
SASKEN,Sasken Communication Technologies Ltd
SATHAISPAT,Sathavahana Ispat Ltd
SATYAMCOMP,Satyam Computer Services Ltd
SAVITACHEM,Savita Chemicals Ltd
SB&TINTL,SB&T International Ltd
SBIN,State Bank of India
SCI,Shipping Corporation Of India Ltd
SEAMECLTD,SEAMEC Ltd
SEJALGLASS,Sejal Architectural Glass Ltd
SELAN,Selan Exploration Technology Ltd
SELMCL,SEL Manufacturing Company Ltd
SESAGOA,Sesa Goa Ltd
SESHAPAPER,Seshasayee Paper and Boards Ltd
SGFL,Shree Ganesh Forgings Ltd
SGL,STL Global Ltd
SHAHALLOYS,Shah Alloys Ltd
SHALPAINTS,Shalimar Paints Ltd
SHANTIGEAR,Shanthi Gears Ltd
SHARRESLTD,Sharyans Resources Ltd
SHASUNCHEM,Shasun Chemicals and Drugs Ltd
SHIVAMAUTO,Shivam Autotech Ltd
SHIVTEX,Shiva Texyarn Ltd
SHIV-VANI,Shiv-Vani Oil & Gas Exploration Services Ltd
SHLAKSHMI,Shri Lakshmi Cotsyn Ltd
SHOPERSTOP,Shopper�s Stop Ltd
SHREEASHTA,Shree Ashtavinayak Cine Vision Ltd
SHREECEM,Shree Cements Ltd
SHREERAMA,Shree Rama Multi-Tech Ltd
SHRENUJ,Shrenuj & Co Ltd
SHREYAS,Shreyas Shipping & Logistics Ltd
SHRIRAMCIT,Shriram City Union Finance Ltd
SHRIRAMEPC,Shriram EPC Ltd
SHYAMTEL,Shyam Telecom Ltd
SICAGEN,Sicagen India Ltd
SIEMENS,Siemens Ltd
SIGROUPIND,SI Group - India Ltd
SIL,Standard Industries Ltd
SILINV,SIL Investments Ltd
SIMBHSUGAR,Simbhaoli Sugars Ltd
SIMPLEX,Simplex Projects Ltd
SIMPLEXINF,Simplex Infrastructures Ltd
SINTEX,Sintex Industries Ltd
SIRPAPER,The Sirpur Paper Mills Ltd
SITASHREE,Sita Shree Food Products Ltd
SIYSIL,Siyaram Silk Mills Ltd
SKFINDIA,SKF India Ltd
SKMEGGPROD,SKM Egg Products Export (India) Ltd
SKUMARSYNF,S. Kumars Nationwide Ltd
SMSPHARMA,SMS Pharmaceuticals Ltd
SOBHA,Sobha Developers Ltd
SOFTPRO,Softpro Systems Ltd
SOFTTECHGR,Software Technology Group International Ltd
SOLAREX,Solar Explosives Ltd
SOLEMS,Solectron EMS India Ltd
SOMANYCERA,Somany Ceramics Ltd
SOMATEX,Soma Textiles & Industries Ltd
SONASTEER,Sona Koyo Steering Systems Ltd
SONATSOFTW,Sonata Software Ltd
SOUTHBANK,The South Indian Bank Ltd
SPARC,Sun Pharma Advanced Research Company Ltd
SPENTEX,Spentex Industries Ltd
SPIC,Southern Petrochemicals Industries Corporation Ltd
SPICEMOBIL,Spice Mobiles Ltd
SPICETELE,Spice Communications Ltd
SPLIL,SPL Industries Ltd
SPSL,Shree Precoated Steels Ltd
SREINTFIN,SREI Infrastructure Finance Ltd
SRF,SRF Ltd
SRGINFOTEC,SRG Infotec (India) Ltd
SRHHLINDST,SRHHL Industries Ltd
SRHHYPOLTD,Sree Rayalaseema Hi-Strength Hypo Ltd
SRTRANSFIN,Shriram Transport Finance Co. Ltd
SSWL,Steel Strips Wheels Ltd
STAR,Strides Arcolab Ltd
STARPAPER,Star Paper Mills Ltd
STCINDIA,The State Trading Corporation of India Ltd
STEELTUBES,Steel Tubes of India Ltd
STER,Sterlite Industries ( India ) Ltd
STERLINBIO,Sterling Biotech Ltd
STERTOOLS,Sterling Tools Ltd
STINDIA,STI India Ltd
STRTECH,Sterlite Technologies Ltd
SUBEX,Subex Ltd
SUBHASPROJ,Subhash Projects & Marketing Ltd
SUBROS,Subros Ltd
SUDARSCHEM,Sudarshan Chemical Industries Ltd
SUJANATOW,Sujana Tower Ltd
SUJANAUNI,Sujana Universal Industries Ltd
SUMMIT,Summit Securities Ltd
SUNCLAYTON,Sundaram Clayton Ltd
SUNDARMFIN,Sundaram Finance Ltd
SUNDRMBRAK,Sundaram Brake Linings Ltd
SUNDRMFAST,Sundram Fasteners Ltd
SUNFLAG,Sunflag Iron And Steel Company Ltd
SUNILHITEC,SUNIL HITECH ENGR. LTD
SUNPHARMA,Sun Pharmaceuticals Industries Ltd
SUNTV,Sun TV Network Ltd
SUPERSPIN,Super Spinning Mills Ltd
SUPPETRO,Supreme Petrochem Ltd
SUPRAJIT,Suprajit Engineering Ltd
SUPREMEIND,Supreme Industries Ltd
SUPREMEINF,Supreme Infrastructure India Ltd
SUPREMETEX,Supreme Tex Mart Ltd
SURAJDIAMN,Su-Raj Diamonds and Jewellery Ltd
SURANACORP,Surana Corporation Ltd
SURANAIND,Surana Industries Ltd
SURANATELE,Surana Telecom Ltd
SURYAJYOTI,Suryajyoti Spinning Mills Ltd
SURYALAXMI,Suryalakshmi Cotton Mills Ltd
SURYAPHARM,Surya Pharmaceutical Ltd
SURYAROSNI,Surya Roshni Ltd
SUVEN,Suven Life Sciences Ltd
SUZLON,Suzlon Energy Ltd
SWARAJENG,Swaraj Engines Ltd
SWARAJMAZD,Swaraj Mazda Ltd
SYNDIBANK,Syndicate Bank
TAINWALCHM,Tainwala Chemical and Plastic (I) Ltd
TAJGVK,Taj GVK Hotels & Resorts Ltd
TAKE,Take Solutions Ltd
TALBROAUTO,Talbros Automotive Components Ltd
TANLA,Tanla Solutions Ltd
TANTIACONS,Tantia Constructions Ltd
TATACHEM,Tata Chemicals Ltd
TATACOFFEE,Tata Coffee Ltd
TATACOMM,Tata Communications Ltd
TATAELXSI,Tata Elxsi (India) Ltd
TATAINVEST,Tata Investment Corporation Ltd
TATAMETALI,Tata Metaliks Ltd
TATAMOTORS,Tata Motors Ltd
TATAMTRDVR,Tata Motors DVR Ltd
TATAPOWER,Tata Power Co. Ltd
TATASPONGE,Tata Sponge Iron Ltd
TATASTEEL,Tata Steel Ltd
TATATEA,Tata Tea Ltd
TCI,Transport Corporation of India Ltd
TCS,Tata Consultancy Services Ltd
TECHM,Tech Mahindra Ltd
TECHNOELEC,Techno Electric and Engineering Co Ltd
TELEDATAGL,Teledata Informatics Ltd
TEXMACOLTD,Texmaco Ltd
TFCILTD,Tourism Finance Corpn of India Ltd
TFL,Transwarranty Finance Ltd
THEMISMED,Themis Medicare Ltd
THERMAX,Thermax Ltd
THIRUSUGAR,Thiru Arooran Sugars Ltd
THOMASCOOK,Thomas Cook (India) Ltd
TIDEWATER,Tide Water Oil Co. (India) Ltd
TIIL,Technocraft Industries (India) Ltd
TIL,TIL Ltd
TIMESGTY,TIMES GUARANTY Ltd
TIMETECHNO,Time Technoplast Ltd
TIMKEN,Timken India Ltd
TINPLATE,The Tinplate Company of India Ltd
TIPSINDLTD,TIPS Industries Ltd
TIRUMALCHM,Thirumalai Chemicals Ltd
TITAN,Titan Industries Ltd
TNPETRO,Tamilnadu PetroProducts Ltd
TNPL,Tamil Nadu Newsprint & Papers Ltd
TNTELE,Tamilnadu Telecommunication Ltd
TODAYS,Todays Writing Products Ltd
TOKYOPLAST,Tokyo Plast International Ltd
TORNTPHARM,Torrent Pharmaceuticals Ltd
TORNTPOWER,Torrent Power Ltd
TRENT,Trent Ltd
TRICOM,Tricom India Ltd
TRIGYN,Trigyn Technologies Ltd
TRIL,Transformers And Rectifiers (India) Ltd
TRIVENI,Triveni Engineering & Industries Ltd
TTKPRESTIG,TTK Prestige Ltd
TTL,T T Ltd
TTML,Tata Teleservices (Maharashtra) Ltd
TUBEINVEST,Tube Investments of India Ltd
TULIP,Tulip Telecom Ltd
TULSI,Tulsi Extrusions Ltd
TV-18,Television Eighteen India Ltd
TVSELECT,TVS Electronics Ltd
TVSMOTOR,TVS Motor Company Ltd
TVSSRICHAK,TVS Srichakra Ltd
TVTODAY,TV Today Network Ltd
TWL,Titagarh Wagons Ltd
UBHOLDINGS,United Breweries (Holdings) Ltd
UBL,United Breweries Ltd
UCALFUEL,Ucal Fuel Systems Ltd
UCOBANK,UCO Bank
UFLEX,UFLEX Ltd
ULTRACEMCO,UltraTech Cement Ltd
UMITL,Usha Martin Infotech Ltd
UNICHEMLAB,Unichem Laboratories Ltd
UNIENTER,Uniphos Enterprises Ltd
UNIONBANK,Union Bank of India
UNIPHOS,United Phosphorous Ltd
UNIPLY,Uniply Industries Ltd
UNITECH,Unitech Ltd
UNITY,Unity Infraprojects Ltd
UPERGANGES,Upper Ganges Sugar & Industries Ltd
USHAMART,Usha Martin Ltd
UTISUNDER,Mutual Fund
UTTAMSTL,Uttam Galva Steels Ltd
UTTAMSUGAR,Uttam Sugar Mills Ltd
UTVSOF,UTV Software Communications Ltd
VAIBHAVGEM,Vaibhav Gems Ltd
VAKRANSOFT,Vakrangee Softwares Ltd
VALECHAENG,Valecha Engineering Ltd
VALUEIND,Value Industries Ltd
VARDHACRLC,Vardhman Acrylics Ltd
VARDMNPOLY,Vardhman Polytex Ltd
VARUN,Varun Industries Ltd
VARUNSHIP,Varun Shipping Co. Ltd
VENKEYS,Venky's (India) Ltd
VENUSREM,Venus Remedies Ltd
VESUVIUS,Vesuvius India Ltd
VGUARD,V-Guard Industries Ltd
VIDEOIND,Videocon Industries Ltd
VIJAYABANK,Vijaya Bank
VIJSHAN,Vijay Shanthi Builders Ltd
VIKASHMET,Vikash Metal & Power Ltd
VIMTALABS,Vimta Labs Ltd
VINCARDS,Vintage Cards & Creations Ltd
VINDHYATEL,Vindhya Telelinks Ltd
VINYLINDIA,Vinyl Chemicals (India) Ltd
VIPIND,VIP Industries Ltd
VISAKAIND,Visaka Industries Ltd
VISASTEEL,Visa Steel Ltd
VISESHINFO,Visesh Infotecnics Ltd
VISHALEXPO,Vishal Exports Overseas Ltd
VISHALRET,Vishal Retail Ltd
VISUINTL,Visu International Ltd
VITLINFO,Vishal Information Technologies Ltd
VIVIMEDLAB,Vivimed Labs Ltd
VLSFINANCE,VLS Finance Ltd
VOLTAMP,Voltamp Transformers Ltd
VOLTAS,Voltas Ltd
VSTIND,VST Industries Ltd
VTL,Vardhman Textiles Ltd
WABCO-TVS,WABCO-TVS (INDIA) Ltd
WALCHANNAG,Walchandnagar Industries Ltd
WANBURY,Wanbury Ltd
WEBELSOLAR,Webel-SL Energy Systems Ltd
WELGUJ,Welspun Gujarat Stahl Rohren Ltd
WELSPUNIND,Welspun India Ltd
WENDT,Wendt (India) Ltd
WHEELS,Wheels India Ltd
WILLAMAGOR,Williamson Magor & Co Ltd
WINDSOR,Windsor Machines Ltd
WINSOMYARN,Winsome Yarns Ltd
WIPRO,Wipro Ltd
WOCKPHARMA,Wockhardt Ltd
WSI,W S Industries (I) Ltd
WSTCSTPAPR,West Coast Paper Mills Ltd
WWIL,Wire and Wireless (India) Ltd
WYETH,Wyeth Ltd
XLTL,XL Telecom Ltd
XPROINDIA,Xpro India Ltd
YESBANK,Yes Bank Ltd
ZANDUPHARM,Zandu Pharmaceutical works Ltd
ZEEL,Zee Entertainment Enterprises Ltd
ZEENEWS,Zee News Ltd
ZENITHBIR,Zenith Birla (India) Ltd
ZENITHCOMP,Zenith Computers Ltd
ZENITHEXPO,Zenith Exports Ltd
ZENITHINFO,Zenith Infotech Ltd
ZICOM,Zicom Electronic Security Systems Ltd
ZODIACLOTH,Zodiac Clothing Company Ltd
ZODJRDMKJ,Zodiac JRD- MKJ Ltd
ZUARIAGRO,Zuari Industries Ltd
ZYLOG,Zylog Systems Ltd